CARTELERA PROVISORIA - 2025 - 2do cuatrimestre,,,,,,,,,,
Actividades,Turno,Clase,Día,Inicio,Fin,Pab.,Aula,RA,DOCENTE,
Semana de los profesorados,12/11/2025,,Miércoles,9:00,11:00,0,1101,,,
Bases de Programación y Pensamiento Computacional/Taller de Informática/Pensamiento Computacional,,,Miércoles,11:00,13:00,0,1101,DC,Mocskos,2º cuatrimestre de 2025
Bases de Programación y Pensamiento Computacional/Taller de Informática/Pensamiento Computacional,,,Miércoles,14:00,16:00,0,1101,DC,Mocskos,2º cuatrimestre de 2025
Almacenamiento y Recuperación de la Información/Base de Datos,,,Miércoles,17:00,22:00,0,1101,DC,Platzer,2º cuatrimestre de 2025
Robótica Móvil/Fundamentos y Aplicaciones de Robótica Movil,,,Miércoles,10:00,13:00,0,1102,DC,De Cristóforis,2º cuatrimestre de 2025
Virología Molecular,,,Miércoles,13:00,15:00,0,1102,QB,Garcia Cybele,2º cuatrimestre de 2025
Topología/Tópicos de Topología,,,Miércoles,17:00,22:00,0,1102,DM,Devoto/Arnone,2º cuatrimestre de 2025
Algoritmos y Estructuras de Datos I/Introducción a la Programación/Introducción a la Computación,,Turno Mañana,Miércoles,11:00,13:30,0,1103,DC,Urtasun/Zabala/Altauz/Di Piazza/Rodríguez,2º cuatrimestre de 2025
Algoritmos y Estructuras de Datos I/Introducción a la Programación/Introducción a la Computación,,Turno Tarde,Miércoles,14:00,17:00,0,1103,DC,Urtasun/Zabala/Altauz/Di Piazza/Rodríguez,2º cuatrimestre de 2025
Algoritmos y Estructuras de Datos I/Introducción a la Programación/Introducción a la Computación,,Turno Noche,Miércoles,19:30,21:30,0,1103,DC,Urtasun/Zabala/Altauz/Di Piazza/Rodríguez,2º cuatrimestre de 2025
Algoritmos y Estructuras de Datos I/Introducción a la Programación/Introducción a la Computación,,Turno Mañana,Miércoles,11:00,13:30,0,1104,DC,Urtasun/Zabala/Altauz/Di Piazza/Rodríguez,2º cuatrimestre de 2025
Algoritmos y Estructuras de Datos I/Introducción a la Programación/Introducción a la Computación,,Turno Tarde,Miércoles,14:00,17:00,0,1104,DC,Urtasun/Zabala/Altauz/Di Piazza/Rodríguez,2º cuatrimestre de 2025
Algoritmos y Estructuras de Datos I/Introducción a la Programación/Introducción a la Computación,,Turno Noche,Miércoles,19:30,21:30,0,1104,DC,Urtasun/Zabala/Altauz/Di Piazza/Rodríguez,2º cuatrimestre de 2025
Algoritmos y Estructuras de Datos I/Introducción a la Programación/Introducción a la Computación,,Turno Mañana,Miércoles,11:00,13:30,0,1105,DC,Urtasun/Zabala/Altauz/Di Piazza/Rodríguez,2º cuatrimestre de 2025
Algoritmos y Estructuras de Datos I/Introducción a la Programación/Introducción a la Computación,,Turno Tarde,Miércoles,14:00,17:00,0,1105,DC,Urtasun/Zabala/Altauz/Di Piazza/Rodríguez,2º cuatrimestre de 2025
Algoritmos y Estructuras de Datos I/Introducción a la Programación/Introducción a la Computación,,Turno Noche,Miércoles,19:30,21:30,0,1105,DC,Urtasun/Zabala/Altauz/Di Piazza/Rodríguez,2º cuatrimestre de 2025
Algoritmos y Estructuras de Datos I/Introducción a la Programación/Introducción a la Computación,,Turno Mañana,Miércoles,11:00,13:30,0,1106,DC,Urtasun/Zabala/Altauz/Di Piazza/Rodríguez,2º cuatrimestre de 2025
Ingeniería de Software II,,,Miércoles,17:00,22:00,0,1106,DC,,
Climatología,,,Miércoles,8:00,11:00,0,1107,DCAO,Robleto/Ayala,2º cuatrimestre de 2025
Almacenamiento y Recuperación de la Información/Base de Datos,,,Miércoles,17:00,19:00,0,1107,DC,,
Semana de los profesorados,12/11/2025,,Miércoles,14:00,16:00,0,1107,,,
Procesamiento Digital de Imágenes,,,Miércoles,14:00,17:00,0,1107,D,,
Biometría ,,Turno Mañana,Miércoles,9:30,13:00,0,1108,EGE,Velasco,2º cuatrimestre de 2025
Biometría ,,Turno Tarde,Miércoles,13:30,17:00,0,1108,EGE,Farina,2º cuatrimestre de 2025
Biometría II/Modelos Lineales Generales y Mixtos,,Turno Noche,Miércoles,17:30,20:30,0,1108,EGE,Flaibani,2º cuatrimestre de 2025
Int. a la Nanofotónica,8/10/2025-15/10/2025,,Miércoles,11:00,14:00,0,1109,,,
Laboratorio 1,22/10/2025,,Miércoles,8:00,14:00,0,1109,,,
Introducción al Modelado Continuo/Ecuaciones de la Física Matemática,,,Miércoles,14:00,18:00,0,1109,DF,Fainstein,2º cuatrimestre de 2025
Conceptos y Técnicas de Biotecnologia,19/11/2025,,Miércoles,18:00,22:00,0,1109,FBMC,Romano,2º cuatrimestre de 2025
Modelado Baroclínico del Océano (Salió),08/10/2025-15/10/2025,,Miércoles,9:00,13:00,0,1110,,,
Semana de los profesorados,12/11/2025,,Miércoles,10:00,13:00,0,1110,,,
Biometría II/Modelos Lineales Generales y Mixtos,,Turno Tarde,Miércoles,13:00,16:00,0,1110,EGE,Guidobono,2º cuatrimestre de 2025
Cálculo Numérico/Elementos de Cálculo numérico,,,Miércoles,16:00,19:00,0,1110,DM,Etcheverry/Pedersen,2º cuatrimestre de 2025
Ciencias de Redes Humanas y Sociales,,,Miércoles,19:00,22:00,0,1110,,,4º bimestre de 2025
Instrumentos y Mediciones de Observación Oceanográfica,08/10/2025,,Miércoles,9:00,13:00,0,1111,,,
Concurso DM,22/10/2025,,Miércoles,15:00,16:00,0,1111,,,
Semana de los profesorados,12/11/2025,,Miércoles,14:00,16:00,0,1111,,,
Cálculo Numérico/Elementos de Cálculo numérico,,,Miércoles,16:00,19:00,0,1111,DM,Etcheverry/Pedersen,2º cuatrimestre de 2025
Optimización Semidefinida/Temas de Optimización Semidefinida,,,Miércoles,19:00,22:00,0,1111,IC,Laplagne,2º cuatrimestre de 2025
Robótica Móvil/Fundamentos y Aplicaciones de Robótica Movil,08/10/2025,,Miércoles,10:00,11:00,0,1112,,,
Matemática II,,,Miércoles,11:00,14:00,0,1112,DM,Stockdale,2º cuatrimestre de 2025
Int. a la Nanofotónica,15/10/2025,,Miércoles,14:00,16:00,0,1112,,,
Concurso DM,22/10/2025,,Miércoles,15:00,16:00,0,1112,,,
Semana de los profesorados ,12/11/2025,,Miércoles,14:00,16:00,0,1112,,,
Cálculo Numérico/Elementos de Cálculo numérico,,,Miércoles,16:00,19:00,0,1112,DM,Etcheverry/Pedersen,2º cuatrimestre de 2025
Matemática II,,,Miércoles,19:00,22:00,0,1112,DM,Perrella,2º cuatrimestre de 2025
Int. a la Nanofotónica,8/10/2025-15/10/2025,,Miércoles,8:30,11:00,0,1113,,,
Fisiología Animal Comparada,12/11/2025,,Miércoles,10:00,12:00,0,1113,BBE,Rodríguez,2º cuatrimestre de 2025
Química Inorgánica 1 (Herrera),8/10/2025,,Miércoles,17:30,21:30,0,1113,,,
Fundamentos de Preservaciòn de Alimentos I,8/10/2025,,Miércoles,17:00,22:00,0,1114,,,
Semana de los profesorados,12/11/2025,,Miércoles,10:00,13:00,0,1114,,,
Semana de los profesorados,12/11/2025,,Miércoles,14:00,17:00,0,1114,,,
"Economía, Conceptos y Métodos",,,Miércoles,17:00,21:00,0,1114,,,
Aprendizaje Supervisado: la Matemática del Learning,,,Miércoles,10:00,14:00,0,1115,,,3º bimestre
Estadística para el Sistema Climático 1/Probabilidades y Estadística ,,,Miércoles,14:00,19:00,0,1115,DCAO,Bettolli/Diaz,2º cuatrimestre de 2025
Temas Avanzados de Termodinámica y Física Estadística/Nuevos Desarrollos en Termodinámica y Física Estadística,,,Miércoles,9:00,14:00,0,1203,DF,Calzetta,2º cuatrimestre de 2025
Análisis Complejo,,,Miércoles,14:00,19:00,0,1203,DM,Rial/Aguilera,2º cuatrimestre de 2025
Ecuaciones Diferenciales A/Ecuaciones Diferenciales B,,,Miércoles,9:00,14:00,0,1204,DM,Fernandez Bonder/Ceresa,2º cuatrimestre de 2025
Redacción y Comunicación Científica (OSMAN) ,,,Miércoles,14:00,17:00,0,1204,DCAO,,
Electromagnetismo y Óptica ,,Turno B,Miércoles,17:00,21:00,0,1204,DF,Pietrasanta/Gulisano,2º cuatrimestre de 2025
Ecología General ,,Turno A,Miércoles,9:00,13:00,0,1205,EGE,Courtalon,2º cuatrimestre de 2025
Ecología General ,,Turno C,Miércoles,18:00,22:00,0,1205,EGE,Cristiano,2º cuatrimestre de 2025
Ecología General ,,Turno B,Miércoles,9:00,13:00,0,1206,EGE,Burroni,2º cuatrimestre de 2025
Introducción al Modelado Continuo/Ecuaciones de la Física Matemática,,,Miércoles,14:00,18:00,0,1206,EGE,Fainstein,2º cuatrimestre de 2025
Ecología General ,,Turno D,Miércoles,18:00,22:00,0,1206,EGE,Santoandre,2º cuatrimestre de 2025
Química Física I ,,,Miércoles,9:00,14:00,0,1207,QI,Castro,2º cuatrimestre de 2025
Meteorología General ,,,Miércoles,14:00,19:00,0,1207,DCAO,Diaz/Burek,2º cuatrimestre de 2025
Teoría de las Comunicaciones,,,Miércoles,19:00,22:00,0,1207,DC,Righetti,2º cuatrimestre de 2025
Matemática II,,,Miércoles,9:00,11:00,0,1208,DM,Stockdale,2º cuatrimestre de 2025
Química Orgánica 1,,Turno 1,Miércoles,12:00,14:30,0,1208,QO,Di Chenna,2º cuatrimestre de 2025
Química Orgánica 1,,,Miércoles,15:00,17:00,0,1208,QO,Di Chenna,2º cuatrimestre de 2025
Matemática II,,,Miércoles,17:00,19:00,0,1208,DM,Suarez Alvarez,2º cuatrimestre de 2025
Vertebrados,,,Miércoles,9:30,12:30,0,1209,BBE,Faivovich,2º cuatrimestre de 2025
Reunión HACIENDA,8/10/2025,,Miércoles,14:00,17:00,0,1209,,,
Reserva Tesis Melissa Dominguez,15/10/2025,,Miércoles,14:00,16:00,0,1209,,,
Física II ,,,Miércoles,17:00,21:00,0,1209,DF,Morales/Severino,2º cuatrimestre de 2025
Electromagnetismo y Óptica,,Turno A,Miércoles,9:00,13:00,0,1301,DF,Estrada/Armaleo,2º cuatrimestre de 2025
Reserva Groisman a partir de octubre,,,Miércoles,13:00,17:00,0,1301,,,4º bimestre de 2025
Química Física II ,,,Miércoles,17:00,22:00,0,1301,QI,Barja,2º cuatrimestre de 2025
Biometría II/Modelos Lineales Generales y Mixtos ,,,Miércoles,9:30,12:00,0,1302,EGE,Pérez,2º cuatrimestre de 2025
Evolución,,,Miércoles,13:00,17:00,0,1302,EGE,Tropeira,2º cuatrimestre de 2025
Física Teórica 1,,,Miércoles,17:00,22:00,0,1302,DF,Minini/Rubin,2º cuatrimestre de 2025
Seminario de Álgebra Homológica,08/10/2025,,Miércoles,8:00,11:00,0,1303,,,
Semana de los profesorados ,12/11/2025,,Miércoles,10:00,13:00,0,1303,,,
Cierre de proyecto / Fleni Fingers,19/11/2025,,Miércoles,11:00,13:00,0,1303,,,
Reserva Pickholz/Saragueta,26/11/2025,,Miércoles,9:00,13:00,0,1303,,,
Teoría Cuántica de Campos/Teoría Cuántica de Campos,,,Miércoles,14:00,19:00,0,1303,DF,Lombardo,2º cuatrimestre de 2025
Tesis de Licenciatura ,,,Miércoles,10:00,13:00,0,1304,IC,Farall,2º cuatrimestre de 2025
Neurobiología del Aprendizaje y la Memoria/Mecanismos de Memoria,,,Miércoles,14:00,17:00,0,1304,FBMC,Romano,2º cuatrimestre de 2025
Neurobiología del Aprendizaje y la Memoria/Mecanismos de Memoria,,,Miércoles,18:00,22:00,0,1304,FBMC,Romano,2º cuatrimestre de 2025
Introducción al Aprendizaje Automático en Grafos / 2025,,,Miércoles,9:00,13:00,0,1305,DC,Lombardi,4º bimestre
seminario de topología,08/10/2025,,Miércoles,13:00,15:00,0,1305,,,
Química Orgánica 1,,Turno 2,Miércoles,17:30,20:00,0,1305,QO,Di Chenna,2º cuatrimestre de 2025
Física del Plasma,,,Miércoles,10:00,14:00,0,1306,DF,Minotti/Xaubet,2º cuatrimestre de 2025
Química General e Inorgánica / Lucy Coria,08/10/2025,,Miércoles,13:00,16:00,0,1306,,,
LABI meeting 2025 (Pietrasanta),12/11/2025,,Miércoles,14:00,17:00,0,1306,,,
Procesamiento Digital de Geometría,,,Miércoles,17:00,19:00,0,1306,DC,Taubin,3º bimestre de 2025
Ciencia de Redes Humanas y Sociales,,CARRITO,Miércoles,17:00,21:00,0,1306,,,
Reserva Comisión de Biotecnología/acad{emica - Julian Fernández Bonder,15/10/2025,,Miércoles,12:00,17:00,0,1307,,,
II Jornadas Socioambientales,22/10/2025,,Miércoles,9:00,17:00,0,1307,,,
Álgebra Lineal,29/10/2025,,Miércoles,14:00,18:00,0,1307,,,
Semana de los profesorados,12/11/2025,,Miércoles,10:00,13:00,0,1307,,,
Semana de los profesorados,12/11/2025,,Miércoles,14:00,17:00,0,1307,,,
AI,,,Miércoles,18:00,21:00,0,1307,,,
Fisiología Animal Comparada,NO 12/11/2025,,Miércoles,10:00,12:00,0,1308,BBE,Rodríguez,2º cuatrimestre de 2025
VERTEBRADOS,15/10/2025,,Miércoles,17:00,21:00,0,1308,,,
LAGOS 2025 (BONOMO),12/11/2025,,Miércoles,9:00,18:00,0,1308,,,cambiar aula x 1403
Evolución ,,,Miércoles,9:30,12:30,0,1309,EGE,Soto/Tubaro,2º cuatrimestre de 2025
Microbiología,,,Miércoles,14:30,16:30,0,1309,QB,Edreira,2º cuatrimestre de 2025
Biometría ,,,Miércoles,18:30,21:30,0,1309,EGE,Cittadino,2º cuatrimestre de 2025
Ecología General ,15/10/2025,,Miércoles,15:00,17:30,0,1401,,,
Int.a la Botánica,08/10/2025-15/10/2025,,Miércoles,18:00,21:00,0,1401,,,
Algoritmos y Estructuras de Datos/Algoritmos y Estructuras de Datos II,22/10/2025,,Miércoles,9:00,14:00,0,1401,DC,Feuerstein/Tcach/Uchitel,2º cuatrimestre de 2025
Reserva Data Mining (Juan Kamienkovsky),22/10/2025,,Miércoles,18:00,22:00,0,1401,,,
LAGOS 2025 (BONOMO),12/11/2025,,Miércoles,9:00,19:00,0,1401,,,
RESERVA ALBERTO KORNBLIHTT,19/11/2025,,MIércoles,9:00,17:00,0,1401,,,
XIV Conference on Quantum Foundations BOSYK,26/11/2025,No confirmado (HORARIO),Miércoles,8:30,18:30,0,1401,,,
Phonons 2025 (Bragas) del ,03/12/2025,,Miércoles,9:00,18:00,0,1401,,,
Análisis Complejo,08/10/2025,,Miércoles,14:00,19:00,0,1402,,,
Jornadas de Seguimiento de Tesis Doctoral EGE ,15/10/2025,,Miércoles,9:00,18:00,0,1402,,Cecere,
Presentaci{on Biotecnolog{ia,29/10/2025,,Miércoles,12:00,16:00,0,1402,,,
Reserva Data Mining (Juan Kamienkovsky),29/10/2025,,Miércoles,17:00,20:00,0,1402,,,
LAGOS 2025 (BONOMO),12/11/2025,,Miércoles,9:00,18:00,0,1402,,,
Reserva WEINBERG-CYT-DURAN,26/11/2025,,Miércoles,9:00,17:00,0,1402,,,
Phonons 2025 (Bragas) ,03/12/2025,,Miércoles,9:00,18:00,0,1402,,,
Física Teórica 1,8/10/2025,,Miércoles,17:00,22:00,0,1403,,,
Reserva Data Mining (Juan Kamienkovsky),22/10/2025,,Miércoles,18:00,22:00,0,1401,,,
LAGOS 2025 (BONOMO),12/11/2025,,Miércoles,9:00,18:00,0,1403,,,
Alimentaris Weinberg,3/12/2025,,Miércoles,9:00,17:00,0,1403,,,
MATEMAX 2025  (KRICK),17/12/2025,,Miércoles,9:00,18:00,0,1403,,,
Química General e Inorgánica I/Química General,,Turno 2,Miércoles,9:00,12:30,1,2,QI,,2º cuatrimestre de 2025
Estructura de la Materia 2,,,Miércoles,13:00,16:00,1,2,DF,Camjayi,2º cuatrimestre de 2025
Análisis II/Matemática 3,,Turno 3,Miércoles,17:00,22:00,1,2,DM,De Napoli/Ceresa,2º cuatrimestre de 2025
Análisis II/Matemática 3,,Turno 2,Miércoles,9:00,14:00,1,3,DM,Maas/Guadalupe,2º cuatrimestre de 2025
Introducción al Modelado Continuo/Ecuaciones de la Física Matemática,,,Miércoles,14:00,18:00,1,3,DF,Fainstein,2º cuatrimestre de 2025
Optimización Aplicada a la Distribución Logística/Aplicación de Técnicas de Optimización a la Distribución Logística ,,,Miércoles,18:30,21:30,1,3,DC,Negrotto,3º bimestre de 2025
Álgebra Lineal,29/10/2025,,Miércoles,14:00,18:00,1,4,,,
Matemática I,,Turno B,Miércoles,17:00,22:00,1,5,DM,Armentano/Rodríguez Cartabia,2º cuatrimestre de 2025
Complementos de Análisis Funcional/Tópicos de Complementos de Análisis Funcional,,,Miércoles,15:00,18:00,1,6,DC,Carando,2º cuatrimestre de 2025
Grupos de Difeomorfismos/Difeomorfismos como Grupos de Lie/Frechet,,,Miércoles,14:00,17:00,1,7,DM,Larotonda,2º cuatrimestre de 2025
Física Teórica 3 ,,,Miércoles,9:00,14:00,1,8,DF,Perez Nadal/Zanguinetti,2º cuatrimestre de 2025
Mecánica y Termodinámica,NO 08/10/2025,,Miércoles,17:00,21:00,1,8,DF,Balenzuela/Cornes,2º cuatrimestre de 2025
Complejidad Computacional,08/10/2025,,Miércoles,17:00,21:00,1,8,,,
Matemática I ,,Turno A,Miércoles,9:00,14:00,1,9,DM,Rodríguez Cartabia/Kun,2º cuatrimestre de 2025
Física 4 ,,,Miércoles,17:00,22:00,1,9,DF,Tamborenea/Vigh,2º cuatrimestre de 2025
Introducción a la Computación e Información Cuántica/Teoría de la Computación e Información Cuántica ,,,Miércoles,13:00,16:00,1,E24,DM,Mansilla,2º cuatrimestre de 2025
Métodos Efectivos de Resolución de Polinomios,,,Miércoles,16:00,19:00,1,E24,DM,Krick,2º cuatrimestre de 2025
Climatología (ATMO890003),,,Miércoles,8:00,13:00,1,Labo 1,DCAO,Robleto/Ayala,2º cuatrimestre de 2025
Métodos Avanzados de Síntesis y Procesamiento de Imágenes/Procesamiento y Síntesis Avanzada Imágenes,8/10/2025,,Miércoles,13:00,17:00,1,Labo 1,DC,Acevedo,
"Infraestructura Tecnológica: Fundamentos, Gestión y Automatización / 4to.bimestre",NO17/11/2025 - 26/11/2025,,Miércoles,17:00,20:00,1,Labo 1,DC,Dunayevich,4º bimestre de 2025
Estadística para el Sistema Climático 1/Probabilidades y Estadística ,17/11/2025,,Miércoles,16:00,19:00,1,Labo 1,,,
Reserva Pickholz/Saragueta,26/11/2025,,Miércoles,13:00,18:00,1,Labo 1,,,
Pronóstico del Tiempo/Laboratorio de Pronóstico del Tiempo/Técnicas y metodologías para el pronóstico del tiempo – Módulo 1/Técnicas y metodologías para el pronóstico del tiempo – Módulo 2 ,,,Miércoles,8:00,13:00,1,Labo 2,DCAO,Mezher/Saucedo,3º bimestre de 2025
Química Física I,,,Miércoles,17:00,22:00,1,Labo 2,QI,,3º bimestre de 2025
"Infraestructura Tecnológica: Fundamentos, Gestión y Automatización / 4to.bimestre",17/11/2025 - 26/11/2025,,Miércoles,17:00,20:00,1,Labo 2,DC,Dunayevich,4º bimestre de 2025
Algoritmos y Estructuras de Datos/Algoritmos y Estructuras de Datos II,Turno Mañana,,Miércoles,9:00,14:00,1,Magna,DC,Feuerstein/Tcach/Uchitel,2º cuatrimestre de 2025
Summer school Deep Learning / secretaria.liaa,22/10/2025,,Miércoles,9:00,13:00,1,Magna,,,
Algoritmos y Estructuras de Datos/Algoritmos y Estructuras de Datos II,,Turno Noche,Miércoles,17:00,22:00,1,Magna,DC,Feuerstein/Tcach/Uchitel,2º cuatrimestre de 2025
Complejidad Computacional/Lógica y Computabilidad/Teoría de la Complejidad Computacional,,,Miércoles,17:00,22:00,2,2,DC,Abriola,2º cuatrimestre de 2025
Algoritmos y Estructuras de Datos III/Técnicas de Diseño de Algoritmos,,Turno Mañana,Miércoles,9:00,13:00,2,5,DC,Bemdersky/Bianchi/Gaggion/Lin,2º cuatrimestre de 2025
Int.a la Botánica,08/10/2025,,Miércoles,13:00,17:00,2,5,,,
Algoritmos y Estructuras de Datos III/Técnicas de Diseño de Algoritmos,,Turno Noche,Miércoles,17:00,21:00,2,5,DC,Bemdersky/Bianchi/Gaggion/Lin,2º cuatrimestre de 2025
Genética ,,,Miércoles,10:00,13:00,2,6,EGE,Carcagno/Frankel,2º cuatrimestre de 2025
Química Orgánica ,,,Miércoles,15:00,17:00,2,6,QO,Duran Fernando,2º cuatrimestre de 2025
Lenguajes Formales Autómatas y Computabilidad/Teoría de Lenguajes,,,Miércoles,17:00,22:00,2,6,DC,Becher,2º cuatrimestre de 2025
Análisis II/Matemática 3,,Turno 1,Miércoles,9:00,14:00,2,12,DM,Pinasco/Guadalupe,2º cuatrimestre de 2025
Análisis II/Matemática 3,,Turno 4,Miércoles,14:00,19:00,2,12,DM,Mastroberti,2º cuatrimestre de 2025
Cálculo Numérico/Elementos de Cálculo Numérico,,,Miércoles,19:00,21:00,2,12,DM,Etcheverry/Pedersen,2º cuatrimestre de 2025
Semana de los profesorados,12/11/2025,,Miércoles,10:00,13:00,2,15,,,
Psicología y Aprendizaje,,,Miércoles,18:00,22:00,2,15,CCPEMS,Acevedo,2º cuatrimestre de 2025
Evaluación en Matemática: procesos y resultados,,,Miércoles,15:00,19:00,2,111,CCPEMS,Bifano,2º cuatrimestre de 2025
Limnología,,,Miércoles,10:30,12:30,2,112,EGE,Izaguirre/Vera,2º cuatrimestre de 2025
Limnología,,,Miércoles,13:30,17:00,2,112,EGE,Izaguirre/Vera,2º cuatrimestre de 2025
Ingeniería Genética/Ingeniería Genética y Biología de Sistemas Moleculares,,,Miércoles,18:00,22:00,2,112,FBMC,Colman,2º cuatrimestre de 2025
Reserva Abel Calcagno,08/10/2025,,Miércoles,10:00,13:00,2,113,,,
Teoría de Juegos (DC) 2024/Tópicos de Teoría de Juegos,,,Miércoles,14:30,19:00,2,113,DC,Arbiser,2º cuatrimestre de 2025
Instrumentos y Métodos de Observación Oceanográficos,,,Miércoles,8:00,13:00,2,114,DCAO,Danieli/Cornejo,2º cuatrimestre de 2025
Ecología de Regiones y Paisajes/Fundamentos de la Ecología de Paisajes y Regiones,,,Miércoles,14:00,16:00,2,114,EGE,Cavia,2º cuatrimestre de 2025
Sistemática de Plantas Vasculares/Tópicos en Sistemática de Plantas Vasculares,,,Miércoles,15:00,17:00,2,115,BBE,Iannone,2º cuatrimestre de 2025
Química de Alimentos,,,Miércoles,17:00,20:00,2,115,DCAO,Campos,2º cuatrimestre de 2025
Paleo y Neoclima,,,Miércoles,8:00,10:00,2,116,DCAO,Doyle,2º cuatrimestre de 2025
Física 3,,,Miércoles,10:00,15:00,2,116,DF,Bejarano,2º cuatrimestre de 2025
Paleobiología,,,Miércoles,15:00,20:00,2,116,EGE,Laprida,2º cuatrimestre de 2025
Didáctica Especial y Práctica de la Enseñanza I/Didáctica de las Ciencias Naturales,,,Miércoles,14:00,20:00,2,117,CCPEMS,Aduriz,2º cuatrimestre de 2025
QUIMICA (CBC) DI RISSIO,,,Miércoles,7:00,16:00,2,207,,,
Complejidad Computacional/Lógica y Computabilidad/Teoría de la Complejidad Computacional,,,Miércoles,17:00,22:00,2,207,DC,Abriola,2º cuatrimestre de 2025
Concurso DBBE,8/10/2025,,Miércoles,13:00,16:00,2,212,,,
Concurso DBBE,15/10/2025,,Miércoles,9:00,16:00,2,212,,,
Carrera de Seguridad en el Ámbito Laboral,5/11/2025,,Miércoles,14:00,20:00,2,212,,,
Semana de los profesorados 2/4,12/11/2025,,Miércoles,10:00,13:00,2,212,,,
Didáctica Especial y Práctica de la Enseñanza II,,,Miércoles,17:00,21:00,2,212,CCPEMS,Ithuralde,2º cuatrimestre de 2025
Ecología de Poblaciones/Tópicos Avanzados en Ecología de Poblaciones,,,Miércoles,9:00,14:00,2,Sala A,EGE,Cardinal,2º cuatrimestre de 2025
Limnología ,,,Miércoles,14:00,17:00,2,Sala A,EGE,,4º bimestre
Ecología de Regiones y Paisajes/Fundamentos de la Ecología de Paisajes y Regiones,,,Miércoles,17:00,21:00,2,Sala A,EGE,Torrella,2º cuatrimestre de 2025
Paleo y Neoclima,,,Miércoles,10:00,13:00,2,Sala B,DCAO,Blanco,2º cuatrimestre de 2025
Introducción a la Ingeniería de Costas,,,Miércoles,14:00,18:00,2,Sala B,DCAO,Alonso/Salimberti,2º cuatrimestre de 2025
Ingeniería Genética/Ingeniería Genética y Biología de Sistemas Moleculares,,,Miércoles,18:00,22:00,2,Sala B,FBMC,,
Inmunometabolismo: Principios básicos (Pèrez Leiros),08/10/2025,,Miércoles,9:00,17:00,2,SEMINARIO,,,
Nomenclatura Zoológica,06/11/2025-12/11/2025,,Miércoles,9:00,17:30,2,SEMINARIO,,,
Fundamentos de Lenguajes para Computación Cuántica,19/11/2025,,Miércoles,14:00,18:00,2,SEMINARIO,,,
Matemática I,08/10/2025,,Miércoles,9:00,13:00,2,Magna,,,
Ecología General,08/10/2025,,Miércoles,13:00,17:00,2,Magna,,,
Mecánica y Termodinámica,08/10/2025,,Miércoles,17:00,21:00,2,Magna,,,
Electromagnetismo y Óptica,15/10/2025,,Miércoles,9:00,14:00,2,Magna,,,
Física 4 ,15/10/2025,,Miércoles,17:00,22:00,2,Magna,,,
Congreso Cierre DOV,05/11/2025,,Miércoles,9:00,13:00,2,Magna,,,
Ecología General,NO 15/10/2025,,Miércoles,15:00,17:30,2,Magna,EGE,Busch,2º cuatrimestre de 2025
Introducción a la Botánica/Biodiversidad de Vegetales,NO 08/10/2025-15/10/2025,,Miércoles,18:00,21:00,2,Magna,BBE,Baroli,2º cuatrimestre de 2025
(CBC)-QUIMICA-(05),,DI RISIO,Miércoles,10:00,13:00,2,101,CBC,,
(CBC)-INT. AL PENSAMIENTO CIENTIFICO (40),,PARUELO,Miércoles,13:00,15:00,2,101,CBC,,
(CBC)-INT. AL PENSAMIENTO CIENTIFICO (40),,ARROCHE,Miércoles,15:00,17:00,2,101,CBC,,
(CBC)-FISICA E INTRODUCCIÓN A LA BIOFISICA (53),,SILVA,Miércoles,7:00,10:00,2,102,CBC,,
(CBC)-FISICA E INTRODUCCIÓN A LA BIOFISICA (53),,GHIRARDOSI,Miércoles,10:00,13:00,2,102,CBC,,
(CBC)-INT. AL PENSAMIENTO CIENTIFICO (40),,PARUELO,Miércoles,13:00,15:00,2,102,CBC,,
(CBC)-INT. AL PENSAMIENTO CIENTIFICO (40),,PARUELO,Miércoles,15:00,17:00,2,102,CBC,,
(CBC)-FISICA E INTRODUCCIÓN A LA BIOFISICA (53),,GHIRARDOSI,Miércoles,7:00,10:00,2,103,CBC,,
(CBC)-FILOSOFIA,,CASTRO,Miércoles,13:00,15:00,2,103,CBC,,
(CBC)-FILOSOFIA,,GONZALEZ A.,Miércoles,15:00,17:00,2,103,CBC,,
(CBC)-FILOSOFIA,,CASTRO,Miércoles,19:00,21:00,2,103,CBC,,
(CBC)-FILOSOFIA,,GONZALEZ A.,Miércoles,21:00,23:00,2,103,CBC,,
(CBC)-QUIMICA-(05),,DI RISIO,Miércoles,7:00,10:00,2,104,CBC,,
(CBC)-QUIMICA-(05),,DI RISIO,Miércoles,10:00,13:00,2,104,CBC,,
(CBC)-QUIMICA-(05),,DI RISIO,Miércoles,7:00,10:00,2,107,CBC,,
(CBC)-QUIMICA-(05),,DI RISIO,Miércoles,10:00,13:00,2,107,CBC,,
(CBC)-QUIMICA-(05),,DI RISIO,Miércoles,13:00,16:00,2,107,CBC,,
(CBC)-SOCIOLOGIA,,GAMALLO,Miércoles,7:00,9:00,2,108,CBC,,
(CBC)-SOCIOLOGIA,,GAMALLO,Miércoles,9:00,11:00,2,108,CBC,,
(CBC)-INT. AL PENSAMIENTO CIENTIFICO (40),,ARROCHE,Miércoles,11:00,13:00,2,108,CBC,,
(CBC)-FISICA E INTRODUCCIÓN A LA BIOFISICA (53),,GHIRARDOSI,Miércoles,7:00,10:00,2,109,CBC,,
(CBC)-FISICA E INTRODUCCIÓN A LA BIOFISICA (53),,GHIRARDOSI,Miércoles,10:00,13:00,2,109,CBC,,
(CBC)-MATEMATICA 9h (61),,UNICA,Miércoles,10:00,13:00,2,110,CBC,,
(CBC)-FILOSOFIA,,CASTRO,Miércoles,13:00,15:00,2,110,CBC,,
(CBC)-ALGEBRA (27),,UNICA,Miércoles,7:00,10:00,2,111,CBC,,
(CBC)-ALGEBRA (27),,UNICA,Miércoles,10:00,13:00,2,111,CBC,,
(CBC)-ALGEBRA (27),,UNICA,Miércoles,14:00,17:00,2,111,CBC,,
(CBC)-ALGEBRA (27),,UNICA,Miércoles,17:00,20:00,2,111,CBC,,
(CBC)-ALGEBRA (27),,UNICA,Miércoles,7:00,10:00,2,113,CBC,,
(CBC)-ALGEBRA (27),,UNICA,Miércoles,10:00,13:00,2,113,CBC,,
(CBC)-QUIMICA-(05),,DI RISIO,Miércoles,13:00,16:00,2,113,CBC,,
(CBC)-ALGEBRA (27),,UNICA,Miércoles,20:00,23:00,2,113,CBC,,
(CBC)-INT. AL PENSAMIENTO CIENTIFICO (40),,MIGUEL,Miércoles,7:00,9:00,2,205,CBC,,
(CBC)-INT. AL PENSAMIENTO CIENTIFICO (40),,MIGUEL,Miércoles,9:00,11:00,2,205,CBC,,
(CBC)-INT. AL PENSAMIENTO CIENTIFICO (40),,MIGUEL,Miércoles,11:00,13:00,2,205,CBC,,
(CBC)-ALGEBRA (27),,UNICA,Miércoles,10:00,13:00,2,206,CBC,,
(CBC)-ANALISIS MATEMATICO A (66),,UNICA,Miércoles,14:00,17:00,2,206,CBC,,
(CBC)-MATEMATICA 9h (61),,UNICA,Miércoles,17:00,20:00,2,206,CBC,,
(CBC)-FISICA-(03),,UNICA,Miércoles,7:00,10:00,2,208,CBC,,
(CBC)-FISICA-(03),,UNICA,Miércoles,10:00,13:00,2,208,CBC,,
(CBC)-QUIMICA-(05),,IDOYAGA,Miércoles,13:00,16:00,2,208,CBC,,
(CBC)-ALGEBRA A (62),,UNICA,Miércoles,17:00,20:00,2,208,CBC,,
(CBC)-ALGEBRA A (62),,UNICA,Miércoles,20:00,23:00,2,208,CBC,,
(CBC)-QUIMICA-(05),,DI RISIO,Miércoles,7:00,10:00,2,210,CBC,,
(CBC)-ALGEBRA (27),,UNICA,Miércoles,10:00,13:00,2,210,CBC,,
(CBC)-FILOSOFIA,,CASTRO,Miércoles,7:00,9:00,2,211,CBC,,
(CBC)-FILOSOFIA,,CASTRO,Miércoles,9:00,11:00,2,211,CBC,,
(CBC)-FILOSOFIA,,CASTRO,Miércoles,11:00,13:00,2,211,CBC,,
(CBC)-INT. AL PENSAMIENTO CIENTIFICO (40),,PARUELO,Miércoles,13:00,15:00,2,211,CBC,,
(CBC)-INT. AL PENSAMIENTO CIENTIFICO (40),,PARUELO,Miércoles,15:00,17:00,2,211,CBC,,
(CBC)-INT. AL PENSAMIENTO CIENTIFICO (40),,PARUELO,Miércoles,19:00,21:00,2,211,CBC,,
(CBC)-INT. AL PENSAMIENTO CIENTIFICO (40),,PARUELO,Miércoles,21:00,23:00,2,211,CBC,,
(CBC)-FISICA-(03),,UNICA,Miércoles,7:00,10:00,2,213,CBC,,
(CBC)-FISICA-(03),,UNICA,Miércoles,10:00,13:00,2,213,CBC,,
(CBC)-ANALISIS MATEMATICO A (66),,UNICA,Miércoles,14:00,17:00,2,213,CBC,,
(CBC)-ANALISIS MATEMATICO A (66),,UNICA,Miércoles,17:00,20:00,2,213,CBC,,
(CBC)-ANALISIS MATEMATICO A (66),,UNICA,Miércoles,20:00,23:00,2,213,CBC,,
(CBC)-FISICA-(03),,UNICA,Miércoles,7:00,10:00,2,214,CBC,,
(CBC)-FISICA-(03),,UNICA,Miércoles,10:00,13:00,2,214,CBC,,
(CBC)-INT. AL PENSAMIENTO CIENTIFICO (40),,ARROCHE,Miércoles,13:00,15:00,2,214,CBC,,
(CBC)-INT. AL PENSAMIENTO CIENTIFICO (40),,ARROCHE,Miércoles,15:00,17:00,2,214,CBC,,
(CBC)-INT. AL PENSAMIENTO CIENTIFICO (40),,ARROCHE,Miércoles,19:00,21:00,2,214,CBC,,
(CBC)-INT. AL PENSAMIENTO CIENTIFICO (40),,ARROCHE,Miércoles,21:00,23:00,2,214,CBC,,